の	4494
を	2652
に	2522
は	2085
が	1659
て	1482
と	1391
た	1218
で	1172
も	803
ある	748
ない	672
な	594
る	528
し	470
こと	463
その	432
てい	411
する	399
だ	388
私	359
ので	345
れ	310
もの	305
から	275
この	274
よう	247
つて	238
的	232
した	230
では	226
ば	211
それ	208
や	205
という	191
自分	187
へ	180
う	175
人	173
これ	164
か	158
なる	158
つた	153
など	150
され	149
さ	147
第	142
ら	141
年	139
として	134
なら	130
中	130
者	129
はな	125
でも	123
ぬ	119
調査	108
なく	107
二	106
ゐる	102
ず	101
彼	101
られ	100
あつ	99
ていた	99
やう	99
何	98
まで	95
ん	95
一	95
れる	94
い	92
僕	91
言葉	90
研究	89
そして	87
だけ	87
言	84
しかし	83
にし	83
ゐ	82
方	81
のも	80
また	80
時	79
今	77
人間	77
家	76
ため	75
のこ	75
なり	73
十	73
ふ	71
よ	71
君	71
事	71
表	71
来	71
ことに	70
より	69
見	69
生	69
られる	68
三	68
すると	67
たと	67
なつ	67
上	67
ー	66
てく	66
及び	66
あり	65
あろ	65
ところ	65
き	63
たち	63
り	63
思う	63
たこ	62
といふ	62
考え	62
だが	61
前	61
のか	60
法律	60
く	59
であっ	59
とか	59
とが	59
出	59
生活	59
す	58
そんな	58
顔	58
でき	57
とい	57
になっ	57
はあ	57
いる	56
間	56
眼	56
たが	55
場合	55
物	55
がな	52
なかっ	51
声	51
社会	50
話	50
ます	49
云	48
国会	48
氏	48
男	48
あっ	47
たい	47
だから	47
なっ	47
しな	46
について	46
機関	46
うと	45
ひ	45
気	45
定める	45
ス	44
たり	44
たる	44
です	44
五	44
女史	44
像	44
時代	43
出来	43
問題	43
とも	42
ほど	42
一つ	42
感じ	42
議員	42
犬	42
四	42
手	42
等	42
本	42
目	42
来る	42
ながら	41
猿	41
行	41
此	41
しまっ	40
その他	40
ただ	40
とき	40
はこ	40
科学	40
星	40
又	40
心	39
又は	39
ありま	38
できる	38
ね	38
まし	38
見る	38
後	38
あの	37
井伏	37
国	37
自由	37
知れ	37
内閣	37
日本	37
それに	36
たら	36
だろ	36
なけれ	36
なの	36
検査	36
所	36
力	36
だっ	35
つ	35
なので	35
によって	35
会	35
六	35
かと	34
において	34
ばかり	34
らしい	34
子	34
思っ	34
数	34
青年	34
買	34
百	34
うに	33
お	33
め	33
国民	33
仕事	33
持つ	33
七	33
女	33
必要	33
いう	32
ここ	32
てき	32
べき	32
よく	32
憲法	32
口	32
出し	32
条	32
多い	32
聞い	32
様	32
うか	31
けれ	31
すべて	31
以上	31
一人	31
外	31
生き	31
得	31
そう	30
なかつ	30
なこ	30
ねば	30
のに	30
まい	30
映画	30
書い	30
人類	30
同じ	30
風	30
歴史	30
うし	29
かの	29
さん	29
せ	29
っ	29
はい	29
色	29
色盲	29
村	29
々	28
でこ	28
により	28
はも	28
レコード	28
わけ	28
議院	28
頃	28
大きな	28
非常	28
がい	27
け	27
こそ	27
でし	27
ど	27
われわれ	27
形	27
姿	27
衆議院	27
世界	27
達	27
二人	27
かも	26
ころ	26
させ	26
って	26
に関する	26
主人	26
図書館	26
知ら	26
日	26
八	26
両	26
來	26
かつ	25
しまう	25
そこで	25
ま	25
夏	25
教育	25
教師	25
決して	25
権利	25
思	25
詩	25
事実	25
自然	25
受け	25
出来る	25
将棋	25
征服	25
先生	25
多く	25
美	25
あれ	24
しま	24
による	24
ません	24
位	24
一度	24
円	24
何人	24
学校	24
議決	24
言っ	24
行く	24
子ども	24
時に	24
其	24
度	24
がら	23
せら	23
たよ	23
に対して	23
のう	23
のみ	23
はま	23
もい	23
もつ	23
ン	23
音楽	23
下	23
花	23
鬼	23
技術	23
妻	23
雑誌	23
子供	23
思わ	23
詩人	23
昭和	23
性	23
大	23
大臣	23
文学	23
國	23
あまり	22
ィ	22
うな	22
はさ	22
もし	22
演奏	22
関係	22
国家	22
書	22
大学	22
程	22
東京	22
忘れ	22
要求	22
いた	21
こんな	21
さえ	21
しない	21
ツ	21
つまり	21
ところで	21
ニ	21
に対する	21
はじめ	21
はた	21
まだ	21
よい	21
或	21
光	21
更に	21
最も	21
示し	21
笑	21
専門	21
組織	21
誰	21
飛鳥	21
表現	21
味	21
あらう	20
イ	20
いか	20
おのれ	20
しよう	20
ち	20
つけ	20
であるか	20
なし	20
のい	20
やつ	20
ル	20
観音	20
言わ	20
裁判官	20
思ふ	20
持っ	20
新しい	20
人々	20
生まれ	20
全く	20
相手	20
団体	20
頭	20
いや	19
ヴ	19
ことな	19
すれ	19
てこ	19
どう	19
によ	19
はし	19
みる	19
ものの	19
やる	19
わかい	19
われ	19
一切	19
居	19
見える	19
支	19
身	19
選挙	19
美術	19
名	19
あと	18
アメリカ	18
あるいは	18
おり	18
がし	18
しか	18
それから	18
それでも	18
てか	18
ピアノ	18
もま	18
わから	18
以外	18
一番	18
音	18
拡充	18
九	18
結果	18
見え	18
限り	18
御	18
行政	18
思は	18
自己	18
書物	18
小説	18
性格	18
生産	18
浅草	18
多少	18
太陽	18
地方	18
店	18
那	18
法則	18
夜	18
予算	18
かな	17
しかも	17
たとい	17
ッ	17
はず	17
はつ	17
リ	17
わたくし	17
意識	17
意味	17
何処	17
皆	17
活動	17
気持	17
古い	17
今日	17
座	17
自ら	17
自身	17
実行	17
実際	17
出る	17
出版	17
少し	17
随筆	17
他の	17
駄目	17
知識	17
秩序	17
道	17
之	17
白鳳	17
部	17
余	17
立派	17
ア	16
アン	16
うとし	16
くらい	16
シ	16
しい	16
そのまま	16
たか	16
つつ	16
テ	16
へる	16
ホ	16
み	16
もう	16
もそ	16
わ	16
をの	16
をもって	16
化学	16
居る	16
金	16
健康	16
幸福	16
考へ	16
際	16
室	16
車	16
新	16
戦い	16
表情	16
文章	16
聞く	16
方法	16
法	16
民	16
利用	16
例	16
話し	16
え	15
かけ	15
ざる	15
たから	15
ちや	15
であるこ	15
といった	15
とそ	15
なれ	15
のす	15
はや	15
ふこ	15
ゆく	15
屋	15
感情	15
岩	15
鬼ヶ島	15
曲	15
近い	15
芸術	15
月	15
個人	15
考える	15
国務大臣	15
資料	15
若い	15
秋	15
上の	15
赤	15
船	15
全体	15
存在	15
値段	15
二三	15
如何に	15
発展	15
美し	15
不思議	15
有する	15
様子	15
例えば	15
あげ	14
あるか	14
ウ	14
おら	14
がた	14
かっ	14
かもし	14
ク	14
けれども	14
せん	14
そのもの	14
それで	14
だら	14
タレ	14
どうか	14
のし	14
のま	14
べ	14
もっとも	14
よって	14
ろ	14
んで	14
宇宙	14
感	14
感覚	14
強い	14
形式	14
経済	14
言う	14
今まで	14
最後	14
参議院	14
思い	14
時には	14
実は	14
種	14
集め	14
水	14
戦争	14
総理	14
足	14
続け	14
其の	14
他人	14
沢山	14
当時	14
読む	14
読ん	14
日本国	14
認め	14
分	14
文化	14
文字	14
民主	14
理由	14
いて	13
いろいろ	13
うい	13
こ	13
そこ	13
その後	13
その時	13
だって	13
たゆ	13
ぢ	13
つたの	13
でしょ	13
どの	13
なに	13
はお	13
はと	13
ひな	13
フ	13
ほとんど	13
まり	13
みた	13
やがて	13
やはり	13
ラ	13
わが国	13
安く	13
安福	13
階級	13
巨大	13
現在	13
後に	13
公共	13
行っ	13
始め	13
思え	13
思ひ	13
事務	13
寺	13
質屋	13
酒	13
周囲	13
女性	13
生きる	13
生れ	13
精神	13
昔	13
石原	13
責任	13
想像	13
但し	13
彫刻	13
鳥	13
当然	13
特に	13
内容	13
悩み	13
発見	13
秘密	13
品	13
訪ね	13
娘	13
面白い	13
貰	13
余り	13
容易	13
用	13
あるこ	12
いい	12
いっ	12
オ	12
からも	12
したい	12
すが	12
すでに	12
ダ	12
だし	12
つもり	12
ト	12
ども	12
なか	12
なくなっ	12
なにか	12
はす	12
はれ	12
び	12
ひと	12
ひとつ	12
マ	12
まして	12
まるで	12
悪い	12
以前	12
違	12
於	12
黄	12
化	12
会社	12
感じる	12
機械	12
求め	12
見れ	12
原稿	12
好き	12
今度	12
砂	12
裁判所	12
作	12
作品	12
産	12
耳	12
自動車	12
蒐集	12
書く	12
除い	12
常に	12
色彩	12
千年	12
前進	12
大正	12
地球	12
虫	12
底	12
程度	12
点	12
百済	12
不安	12
婦人	12
歩い	12
迄	12
無い	12
目的	12
予	12
老人	12
いつ	11
いふ	11
かかる	11
がする	11
かり	11
ごと	11
コルト	11
これらの	11
さて	11
せる	11
タ	11
テラス	11
どうやら	11
とても	11
どれ	11
ならば	11
ぬが	11
ぬこ	11
はれる	11
まず	11
或は	11
以来	11
一種	11
一八	11
化し	11
家内	11
海	11
各	11
確保	11
帰	11
汽車	11
空	11
見せ	11
工業	11
行為	11
最高裁判所	11
財産	11
事業	11
次	11
芝居	11
十二	11
十分	11
出席	11
書斎	11
諸国	11
紹介	11
色々	11
食	11
真	11
進ん	11
人形	11
世の中	11
製造	11
青	11
相違	11
造型	11
即ち	11
体	11
代表	11
大阪	11
団子	11
知っ	11
置い	11
天皇	11
努力	11
奴隷	11
特別	11
二条	11
文芸	11
勉強	11
報告	11
理解	11
立つ	11
立法	11
緑	11
當	11
ああ	10
あたり	10
ある日	10
いつも	10
いの	10
うだ	10
えば	10
おれ	10
がさ	10
がま	10
ざ	10
させる	10
じ	10
すぐ	10
すべ	10
せしめ	10
たく	10
っと	10
つと	10
でなければ	10
ところが	10
となり	10
ナ	10
なかに	10
なるほど	10
における	10
ネ	10
ひとり	10
ふと	10
へば	10
ほう	10
むしろ	10
らしく	10
リング	10
わかる	10
意志	10
異常	10
一緒	10
応用	10
横	10
何時	10
歌	10
火	10
界	10
覚え	10
学問	10
記録	10
急	10
教養	10
胸	10
局	10
近頃	10
空間	10
系統	10
権	10
現代	10
古	10
吾	10
最初	10
冊	10
四条	10
字	10
持た	10
時々	10
時間	10
自我	10
七条	10
実に	10
殊に	10
受ける	10
十日	10
重	10
純粋	10
将来	10
少く	10
章	10
色神	10
真に	10
性質	10
政治	10
整理	10
製作	10
先	10
然	10
早速	10
総	10
草	10
台詞	10
大きい	10
通り	10
冬	10
動物	10
入っ	10
入れ	10
反対	10
批判	10
被	10
美しい	10
百間	10
普通	10
文	10
別	10
保障	10
本質	10
枚	10
満足	10
夢殿	10
無	10
無理	10
明器	10
唯一	10
有し	10
与え	10
洋	10
學	10
爲	10
うち	9
える	9
かに	9
ザイル	9
さらに	9
したら	9
すぎ	9
スチル	9
すら	9
そういう	9
それも	9
たとえ	9
だの	9
づ	9
つづけ	9
ド	9
どうして	9
どこ	9
どんな	9
にとって	9
ばい	9
はか	9
はわ	9
ホン	9
まったく	9
マン	9
ュ	9
愛	9
為	9
一九	9
一寸	9
遠い	9
過ぎ	9
外国	9
革命	9
贋物	9
期待	9
帰る	9
恐らく	9
教え	9
近代	9
苦しみ	9
繰返し	9
権限	9
現れ	9
現実	9
五条	9
公開	9
行動	9
高	9
高い	9
合	9
国際	9
困る	9
差し	9
材料	9
作成	9
三百	9
使用	9
主義	9
住ん	9
出す	9
初め	9
初めて	9
書き	9
消え	9
場	9
触れ	9
深い	9
西洋	9
村人	9
多数	9
態度	9
地位	9
宙	9
眺め	9
長	9
哲学	9
土地	9
答	9
得る	9
二つ	9
任命	9
年間	9
年齢	9
俳句	9
彼女	9
描い	9
父	9
癖	9
別に	9
暮らし	9
民間	9
明るい	9
明治	9
妄想	9
勿論	9
訳	9
慾	9
流行	9
了	9
連絡	9
籠	9
あらゆる	8
いえ	8
いかなる	8
いかにも	8
いこ	8
うこ	8
うとう	8
ォ	8
かう	8
かなり	8
ぎ	8
きり	8
くる	8
こちら	8
これから	8
ずつ	8
すなわち	8
スピード	8
そ	8
そのため	8
チ	8
つく	8
つたや	8
どうしても	8
どうも	8
どこか	8
とり	8
とわ	8
なお	8
なかなか	8
なくなる	8
のそ	8
ぱ	8
はう	8
ぽんぽん	8
まあ	8
ミ	8
みよう	8
みんな	8
メキシコ	8
もす	8
もちろん	8
ヨ	8
よほど	8
わが	8
わかり	8
案	8
一時	8
一層	8
一日	8
印刷	8
右	8
雨	8
嘘	8
化さ	8
何でも	8
果して	8
過去	8
開い	8
街	8
各種	8
確か	8
官庁	8
感心	8
基い	8
規則	8
却	8
驚い	8
業務	8
極めて	8
近く	8
九条	8
軍	8
経営	8
結局	8
研究所	8
語っ	8
公務員	8
向かっ	8
高く	8
佐世保	8
裁判	8
作ら	8
作家	8
山	8
産業	8
四天王	8
思想	8
指名	8
施行	8
次第に	8
示す	8
辞典	8
失っ	8
若しくは	8
従	8
述べ	8
商売	8
小さな	8
小僧	8
小田原	8
政策	8
政府	8
先に	8
然し	8
全然	8
全部	8
相当	8
大きく	8
大抵	8
大変	8
知らず	8
町	8
長い	8
東洋	8
桃	8
堂	8
日本人	8
如く	8
熱情	8
馬鹿	8
発表	8
反逆	8
版	8
彼等	8
飛ん	8
美しく	8
貧しい	8
負	8
腹	8
変	8
方面	8
殆ど	8
本当に	8
毎日	8
民族	8
夢	8
明瞭	8
夜明け	8
弥勒菩薩	8
優秀	8
友人	8
友達	8
与	8
涙	8
浪	8
論	8
論文	8
話す	8
實	8
經	8
ァ	7
アブ	7
いが	7
いくら	7
いま	7
いわば	7
うも	7
エ	7
おき	7
おる	7
お互い	7
かし	7
が解	7
キジ	7
ぐ	7
くら	7
げ	7
こういう	7
さと	7
シェリー	7
ゼ	7
そのうち	7
それぞれ	7
それと	7
たで	7
たま	7
たれ	7
たわけ	7
つい	7
つか	7
ときには	7
とこ	7
とすれば	7
とともに	7
どんなに	7
なす	7
なぜ	7
なんと	7
ぬけ	7
ノ	7
のさ	7
ハーケン	7
はっきり	7
ぶり	7
へた	7
ほか	7
マリー	7
みて	7
ム	7
む	7
もはや	7
やっ	7
暗い	7
以内	7
委員	7
異形	7
謂	7
一体	7
一杯	7
一部	7
雲	7
永久	7
駅	7
俺	7
何だか	7
絵画	7
各々	7
獲得	7
学者	7
完成	7
完全	7
簡単	7
観察	7
眼科	7
幾	7
既に	7
気持ち	7
規定	7
記憶	7
起っ	7
義務	7
逆に	7
久野	7
求める	7
京都	7
興味	7
鏡	7
玉	7
型	7
血	7
嫌	7
権威	7
五十	7
後で	7
構成	7
甲板	7
行か	7
腰	7
根本	7
歳	7
三分	7
死	7
事項	7
自殺	7
式	7
悉く	7
実	7
社	7
取	7
充分	7
従って	7
出さ	7
召集	7
小さい	7
少しも	7
承認	7
条約	7
畳	7
職員	7
人生	7
図	7
酔生夢死	7
随分	7
杉	7
制	7
制定	7
制度	7
成果	7
成長	7
石	7
先進	7
線	7
全	7
相	7
相撲	7
側	7
袋	7
退屈	7
退治	7
大分	7
知り	7
着	7
丁度	7
通	7
庭	7
途中	7
奴	7
桃太郎	7
闘争	7
働く	7
同士	7
同時に	7
徳	7
入	7
如き	7
背後	7
八条	7
発音	7
半分	7
盤	7
彼ら	7
罷免	7
費	7
必ず	7
不	7
夫	7
浮浪	7
父兄	7
部屋	7
封建	7
福祉	7
複雑	7
仏	7
分野	7
文庫	7
文明	7
平和	7
並びに	7
米	7
変ら	7
返事	7
保存	7
母	7
法隆寺	7
坊	7
万	7
木	7
唯	7
遊び	7
幼稚園	7
用意	7
養成	7
欲しい	7
旅	7
良い	7
良心	7
林	7
類	7
路	7
六条	7
臺	7
あい	6
いきなり	6
いで	6
いに	6
ェ	6
エン	6
おい	6
オー	6
およそ	6
かい	6
がか	6
がき	6
がす	6
がち	6
かつて	6
かん	6
ギ	6
けれど	6
こし	6
ごとき	6
ごとく	6
この世	6
これまで	6
ザ	6
さが	6
しめる	6
ジョン	6
ぞ	6
ゾ	6
その頃	6
そり	6
それらの	6
たつ	6
たるも	6
だんだん	6
ついて	6
つかり	6
つくりあげ	6
つの	6
つも	6
ともに	6
とら	6
なさ	6
にあっ	6
はき	6
はずも	6
はで	6
はり	6
ピッチ	6
フォード	6
ふたつ	6
ペイ	6
ベルリン	6
ほしい	6
ぽん	6
またそ	6
まぶた	6
みたい	6
もが	6
もらい	6
もらう	6
ャ	6
ヤ	6
やっと	6
ロ	6
ワイ	6
愛し	6
安心	6
違っ	6
一一	6
一条	6
一代	6
一般	6
一般に	6
一本	6
因縁	6
運動	6
影	6
影響	6
栄螺	6
億	6
何と	6
可決	6
会議	6
解決	6
改正	6
外村	6
且つ	6
感ずる	6
環境	6
観	6
関西	6
基本	6
寄	6
机	6
機会	6
機構	6
稀	6
黍	6
客観	6
急速	6
挙げ	6
許さ	6
共	6
驚き	6
極	6
近ごろ	6
空気	6
軍医	6
傾向	6
形態	6
激しい	6
決意	6
決定	6
見当	6
現	6
互に	6
公	6
向	6
向い	6
向っ	6
広く	6
皇室	6
購入	6
国会図書館	6
国立	6
今さら	6
坐	6
作っ	6
三条	6
参考	6
残し	6
仕方	6
支配	6
死ぬ	6
紙	6
似	6
而	6
自	6
自覚	6
実験	6
捨て	6
手続	6
集める	6
充実	6
十一	6
十三	6
従来	6
重要	6
出かけ	6
潤	6
書店	6
少なくとも	6
少年	6
場所	6
条件	6
状	6
状態	6
色弱	6
食いもの	6
食っ	6
心持	6
新聞	6
親	6
人工	6
人達	6
尋ね	6
世	6
正確	6
正当	6
生命	6
積極	6
設け	6
絶望	6
戦後	6
前項	6
早く	6
窓	6
息子	6
尊重	6
多分	6
打ち	6
対し	6
代り	6
只	6
達し	6
探し	6
短い	6
地上	6
着物	6
中宮	6
仲間	6
注意	6
張り	6
朝	6
朝鮮	6
長く	6
珍	6
辻	6
提出	6
鉄道	6
天才	6
田中	6
電気	6
投票	6
動かし	6
同意	6
同様	6
読め	6
内	6
日常	6
熱	6
能率	6
馬	6
白い	6
肌	6
伴	6
批評	6
非	6
鼻	6
不明	6
譜	6
壁	6
変化	6
歩く	6
望む	6
本当	6
亦	6
万年	6
名前	6
面	6
問	6
有名	6
有様	6
様式	6
用い	6
要するに	6
立ち	6
立っ	6
立場	6
連れ	6
話しかけ	6
會	6
樣	6
濟	6
あいだ	5
あえぎ	5
あまりに	5
ある時	5
イギリス	5
いよ	5
うの	5
うまい	5
うまかっ	5
おばあさん	5
お巡りさん	5
カード	5
かか	5
かく	5
かた	5
かない	5
からだ	5
キ	5
きた	5
キャバレー	5
ゲル	5
こう	5
ざり	5
ジ	5
したがって	5
してき	5
しまい	5
ショパン	5
せしめる	5
せめて	5
そうだ	5
そうな	5
それほど	5
そんなに	5
たけれ	5
だそ	5
たため	5
だとすれば	5
たび	5
タマ	5
たらしい	5
ちがい	5
ちら	5
つくり	5
つまらない	5
ですから	5
てよ	5
とかいう	5
どちら	5
とれ	5
と共に	5
なあ	5
ないし	5
なかば	5
なほ	5
ならん	5
なわ	5
なん	5
なんか	5
なんて	5
にない	5
のち	5
パ	5
はじめて	5
ハッキリ	5
はなはだ	5
はら	5
ハング	5
ひだ	5
ひどく	5
プ	5
ベートーヴェン	5
ボ	5
ぼく	5
ほんとう	5
まことに	5
ますます	5
みせる	5
むずかしい	5
メ	5
もち	5
もって	5
やら	5
ゆえ	5
ョ	5
よし	5
らし	5
リサーチ	5
わかっ	5
を以て	5
以	5
意	5
意欲	5
違う	5
医者	5
井筒	5
育て	5
一つ一つ	5
一応	5
一向	5
一生懸命	5
一党	5
印象	5
云う	5
泳い	5
遠く	5
応じ	5
欧米	5
下級	5
化す	5
価値	5
加	5
科	5
解放	5
廻し	5
拡張	5
獲物	5
学	5
楽	5
楽に	5
官吏	5
間違い	5
寄せ	5
気分	5
季節	5
議会	5
及ん	5
競	5
境	5
強	5
恐れ	5
郷里	5
業者	5
銀座	5
区別	5
偶然	5
刑事	5
兄	5
計算	5
芸	5
劇団	5
結構	5
嫌悪	5
元気	5
原始	5
原理	5
現われ	5
後ろ	5
語	5
語り	5
語りあっ	5
交渉	5
向う	5
好色	5
工場	5
構造	5
行使	5
高価	5
高級	5
国事	5
困難	5
昆布	5
魂	5
佐藤	5
再び	5
採用	5
作る	5
作業	5
昨年	5
三つ	5
暫く	5
残さ	5
残っ	5
使	5
使っ	5
司法	5
史	5
指導	5
支出	5
視察	5
歯	5
持	5
社員	5
社長	5
若し	5
手工業	5
首	5
宗教	5
終り	5
終る	5
集	5
重大	5
純正	5
処	5
処理	5
所有	5
勝ち	5
商人	5
小瓶	5
松	5
障礙	5
上げ	5
状況	5
食料	5
信じ	5
深く	5
親しみ	5
身体	5
進化	5
崇高	5
世に	5
世間	5
世話	5
成立	5
正一	5
清	5
生涯	5
西	5
静か	5
赤い	5
切	5
千	5
銭	5
訴	5
創造	5
続ける	5
卒業	5
体制	5
待遇	5
大衆	5
弾い	5
知る	5
地	5
中井	5
中間	5
中心	5
彫	5
調子	5
長男	5
直ぐ	5
直ちに	5
直接	5
珍書	5
帝国	5
天ぷら	5
唐	5
統計	5
動機	5
動作	5
同色	5
道楽	5
得て	5
特色	5
読者	5
読書	5
突然	5
南	5
難	5
匂い	5
肉体	5
入り	5
熱心	5
年老い	5
箱	5
発言	5
反し	5
犯罪	5
晩	5
膝	5
描き	5
不可能	5
不幸	5
父母	5
篇	5
報酬	5
方向	5
法悦	5
訪れ	5
本人	5
未だ	5
蜜柑	5
妙	5
無く	5
矛盾	5
名人	5
命令	5
盲人	5
門	5
矢	5
約	5
有効	5
有力	5
与える	5
幼い	5
慾望	5
旅行	5
両親	5
緑色	5
練習	5
老	5
老夫婦	5
數	5
爭	5
皺	5
雜	5
あがっ	4
あつめ	4
あら	4
あんまり	4
いけ	4
いと	4
いれ	4
うとも	4
エル	4
おけ	4
おそらく	4
およ	4
および	4
かえって	4
かが	4
かげ	4
かける	4
かって	4
からさ	4
かる	4
きか	4
きっ	4
きっと	4
きめ	4
きょう	4
きわめて	4
グ	4
ける	4
ござい	4
この頃	4
これだけ	4
サ	4
サイ	4
さうな	4
さそり	4
しつけ	4
しば	4
じゃ	4
しよ	4
しょわ	4
しろ	4
すか	4
すぎる	4
すっかり	4
スペシャリスト	4
セ	4
せい	4
ソ	4
その間	4
そもそも	4
たいへん	4
ただそ	4
たって	4
たとえば	4
チャンス	4
ちょうど	4
ちょっと	4
づか	4
つくら	4
てあつ	4
デーヴィス	4
ですが	4
てる	4
とお	4
とせ	4
とっ	4
とつ	4
とる	4
なくな	4
ならし	4
なんで	4
なんとなく	4
につけ	4
にて	4
にとり	4
に関して	4
に対し	4
のど	4
のび	4
のぼっ	4
のれ	4
バー	4
はいっ	4
はいら	4
はいる	4
はたして	4
はね	4
ヒ	4
ピアニスト	4
ひそん	4
ひたすら	4
ひで	4
ひばり	4
フォン	4
フランス	4
ベ	4
べく	4
へら	4
ほ	4
ぼ	4
ほんの	4
ぼんやり	4
まさに	4
みえる	4
みな	4
みれ	4
むかし	4
メートル	4
もう一度	4
もらっ	4
ヤクザ	4
やすい	4
ゆえに	4
よかっ	4
ルート	4
レ	4
ろう	4
われる	4
愛情	4
安定	4
案外	4
闇	4
以後	4
伊兵衛	4
位置	4
委任	4
惟	4
異	4
維持	4
違い	4
一三	4
一週	4
一重	4
一瞬	4
一二	4
唄	4
永遠	4
衛星	4
越え	4
煙草	4
沖	4
恩恵	4
穏やか	4
下さい	4
下る	4
化粧	4
仮性	4
何より	4
価	4
価格	4
加え	4
可能	4
家人	4
家族	4
河原	4
花びら	4
過渡期	4
過半数	4
解し	4
海岸	4
絵	4
階	4
垣	4
各位	4
各国	4
各省	4
確実	4
確信	4
割	4
瓦	4
勘定	4
堪え	4
感想	4
漢	4
館	4
眼前	4
岩の上	4
岩波	4
危機	4
喜び	4
喜ん	4
基く	4
嬉しい	4
希望	4
幾つ	4
幾多	4
期間	4
疑い	4
脚本	4
牛	4
去っ	4
去る	4
挙	4
協議	4
叫ん	4
恐怖	4
教室	4
興奮	4
驚く	4
曲線	4
勤労	4
緊張	4
菌	4
近づい	4
近年	4
金井	4
金堂	4
苦心	4
駒の	4
喰	4
靴下	4
経	4
経つ	4
経験	4
計画	4
軽蔑	4
芸術家	4
件	4
建設	4
肩	4
見かけ	4
謙譲	4
原因	4
言い	4
言え	4
言語	4
個	4
古本	4
呼ぶ	4
故に	4
誇り	4
顧み	4
公布	4
拘ら	4
拘禁	4
港	4
考えれ	4
行こ	4
貢献	4
高原	4
国政	4
骨	4
骨董	4
此処	4
今更	4
今夜	4
困	4
困っ	4
左	4
差	4
最近	4
最高	4
最大	4
細い	4
在	4
罪	4
財政	4
作り	4
三日	4
参加	4
使う	4
四つ	4
始終	4
市	4
思える	4
指	4
指揮	4
止め	4
死ん	4
至	4
至り	4
試験	4
資格	4
資本	4
事件	4
事情	4
持ち	4
時期	4
時計	4
次に	4
自白	4
七月	4
執行	4
失ふ	4
実業	4
写真	4
車中	4
邪魔	4
若く	4
主	4
主観	4
主張	4
取っ	4
手紙	4
種々	4
収入	4
州	4
舟	4
住居	4
充たさ	4
十四	4
従事	4
宿命	4
出現	4
春の	4
準備	4
初	4
暑	4
女中	4
小	4
小学校	4
少なく	4
少数	4
証拠	4
上っ	4
上り	4
丈	4
冗談	4
信濃	4
侵し	4
振り	4
新しき	4
新た	4
真剣	4
真実	4
身分	4
進	4
進め	4
進歩	4
人権	4
甚だしい	4
推進	4
水兵	4
成熟	4
政令	4
正しく	4
正に	4
誠に	4
説明	4
雪	4
占め	4
選ん	4
選択	4
全集	4
素質	4
組	4
組合	4
相談	4
走	4
憎悪	4
息	4
揃	4
存する	4
他	4
逮捕	4
大いに	4
大き	4
大体	4
大量	4
単なる	4
単に	4
単位	4
弾き	4
段々	4
談	4
恥	4
著者	4
長生き	4
追う	4
通じ	4
釣り	4
低い	4
定	4
伝え	4
田舎	4
土製	4
灯	4
統一	4
逃げ	4
透	4
頭脳	4
動き	4
同じよ	4
同伴	4
得意	4
特徴	4
特有	4
独自	4
独特	4
読ま	4
読み	4
奈良	4
日本一	4
入る	4
入学	4
任期	4
寧ろ	4
能力	4
農民	4
波	4
破壊	4
俳優	4
排除	4
倍	4
買入れ	4
売れ	4
筈	4
発し	4
発達	4
班	4
悲しい	4
比べ	4
比較	4
比較的	4
被告	4
飛行機	4
微笑	4
美人	4
必ずしも	4
筆	4
浮かん	4
部長	4
風景	4
風貌	4
淵	4
仏教	4
文句	4
文献	4
文學	4
並ん	4
変わっ	4
片手	4
編	4
返す	4
弁	4
歩き	4
包ん	4
奉仕	4
宝	4
宝冠	4
褒め	4
頬	4
殆	4
本気	4
毎年	4
万人	4
満	4
民芸	4
民俗	4
無邪気	4
無駄	4
無用	4
無論	4
明	4
綿密	4
貰い	4
厄介	4
遊ばせ	4
融合	4
夕方	4
予備	4
余程	4
擁護	4
洋食	4
要する	4
陽	4
利	4
理想	4
理論	4
裏	4
立脚	4
立体	4
流れ	4
隆起	4
両方	4
猟人	4
糧米	4
隣	4
隣家	4
鈴木	4
蓮根	4
連中	4
櫓	4
労働	4
論理	4
和	4
對	4
屏風岩	4
抒情	4
綺麗	4
萬葉	4
賣れる	4
點	4
々々	3
あきらめ	3
アクセント	3
あけ	3
あなた	3
あわび	3
いいよ	3
いかに	3
いから	3
いくつ	3
いずれ	3
いつの	3
いつの間にか	3
いな	3
いみじくも	3
いよいよ	3
いら	3
いわゆる	3
うかと	3
うとい	3
えな	3
エネルギー	3
おか	3
おかしい	3
おぼえ	3
おろし	3
お蔭	3
お前	3
お婆さん	3
お爺さん	3
カ	3
かかわら	3
かまわ	3
カラビナ	3
がり	3
かろうじて	3
かわり	3
きの	3
きる	3
きれい	3
くべ	3
くも	3
ぐらい	3
ケ	3
ゲ	3
ヶ月	3
コ	3
ゴ	3
ご	3
こいつ	3
ごく	3
ことば	3
この間	3
こまれ	3
これら	3
こんなに	3
サー	3
さあ	3
さぐっ	3
さぐり	3
しきりに	3
しく	3
しと	3
シナリオ	3
しばらく	3
しまお	3
しまふ	3
しみじみ	3
しめ	3
ずいぶん	3
すすめ	3
スト	3
すむ	3
ぜ	3
せいぜい	3
そうした	3
そうして	3
そのほか	3
その日	3
それだけ	3
それなら	3
それよ	3
それら	3
そろそろ	3
だか	3
たくし	3
たし	3
たね	3
ダメ	3
だらし	3
ちよ	3
づい	3
ついで	3
ついに	3
づく	3
つくっ	3
つながっ	3
デ	3
でか	3
どういう	3
どうにも	3
ところどころ	3
トップ	3
とにかく	3
とば	3
とみ	3
ともすれば	3
とらえ	3
と同時に	3
ながめ	3
なき	3
なくし	3
なげ	3
なぞ	3
なにしろ	3
なめらか	3
なんら	3
なんらかの	3
にかけ	3
につき	3
につこ	3
にぶ	3
ニヤリ	3
にわたって	3
のき	3
のせ	3
のっ	3
のら	3
はいい	3
はご	3
はさも	3
はする	3
はまる	3
はみ	3
はむ	3
ばら	3
はるか	3
はるかに	3
ひつ	3
ひとしく	3
ふい	3
ふた	3
ふま	3
ふも	3
ヘ	3
へい	3
へま	3
ベル	3
へん	3
ヘンリー	3
ほうが	3
ほかなら	3
ぼり	3
ボルト	3
ほんとに	3
まえ	3
まく	3
ましてや	3
ましょ	3
まとめ	3
まとも	3
みせよ	3
メン	3
もうこ	3
もた	3
もっ	3
モデル	3
もと	3
もとめる	3
もともと	3
もむ	3
やさしい	3
やし	3
やすく	3
やって来	3
やっぱり	3
やま	3
やられる	3
やり	3
やん	3
ゆうすげ	3
ゆか	3
ゆる	3
よくも	3
りす	3
ロケット	3
わざわざ	3
わし	3
わたし	3
わり	3
を通じて	3
阿佐ヶ谷	3
哀れ	3
愛する	3
逢	3
圧迫	3
依然として	3
依頼	3
意外	3
意義	3
意見	3
畏れ	3
異な	3
移し	3
移る	3
移住	3
移転	3
一回	3
一見	3
一致	3
逸話	3
印度	3
員	3
飲み	3
右手	3
唄わ	3
運ば	3
運営	3
運転手	3
運命	3
雲仙	3
営利	3
栄典	3
厭	3
演劇	3
於け	3
押収	3
欧	3
屋根	3
何とか	3
加減	3
可	3
家庭	3
果て	3
歌人	3
河内	3
火星	3
課長	3
我慢	3
画家	3
会っ	3
会期	3
解散	3
改革	3
海上	3
海鳥	3
芥川	3
開く	3
外交	3
外来	3
柿	3
核	3
確認	3
学会	3
学芸	3
学理	3
額	3
冠	3
寒い	3
寒さ	3
官	3
官界	3
感謝	3
監督	3
観念	3
諌	3
鑑	3
鑑賞	3
間もなく	3
間接	3
関与	3
関連	3
丸善	3
玩具	3
眼鏡	3
顔面	3
願	3
企業	3
企図	3
器	3
基礎	3
基調	3
嬉し	3
幾度	3
期	3
期する	3
帰り	3
気づか	3
規模	3
記	3
記念	3
起き	3
起る	3
輝き	3
技師	3
技法	3
犠牲	3
疑	3
議事	3
休会	3
宮城	3
救	3
求	3
泣い	3
泣く	3
旧	3
居り	3
京	3
共同	3
強弱	3
強制	3
教	3
教え子	3
教案	3
驚異	3
局長	3
均衡	3
緊急	3
近	3
近所	3
区	3
苦	3
苦しい	3
苦悩	3
具体	3
空腹	3
群	3
係	3
傾け	3
刑罰	3
形成	3
形容詞	3
経た	3
経過	3
継続	3
軽く	3
芸道	3
決議	3
決闘	3
結ん	3
結婚	3
月光	3
権力	3
見事	3
見上げる	3
見物	3
軒	3
元	3
元禄	3
現に	3
限	3
限ら	3
限界	3
古今	3
古典	3
古本屋	3
呼ん	3
固く	3
戸	3
戸隠	3
故	3
呉れ	3
悟り	3
語ら	3
語る	3
誤り	3
交友	3
公平	3
効力	3
向かう	3
向け	3
工夫	3
工法	3
巧	3
巧み	3
広い	3
広告	3
構	3
江戸	3
荒っぽい	3
荒ま	3
荒木	3
行き	3
降	3
降りる	3
項	3
高度	3
高等	3
号	3
合せ	3
合っ	3
豪華	3
告げ	3
国務	3
黒	3
今や	3
今年	3
困り	3
根	3
差せ	3
差異	3
差別	3
最早	3
最中	3
彩色	3
採る	3
在任	3
罪悪	3
咲い	3
作曲	3
作詞	3
作者	3
桜井	3
雑木林	3
三五	3
参照	3
山中	3
散	3
散歩	3
残	3
仕草	3
仕入れ	3
使わ	3
四月	3
士	3
始めて	3
始める	3
思い出し	3
思わず	3
思索	3
止	3
死に	3
死の	3
至る	3
至極	3
至上	3
視	3
視線	3
試み	3
誌	3
事柄	3
時たま	3
次第	3
治	3
示さ	3
自他	3
自慢	3
識	3
執着	3
失礼	3
実現	3
実在	3
実施	3
実証	3
実務	3
実例	3
若者	3
若人	3
主として	3
主権	3
主宰	3
主要	3
守	3
手段	3
種類	3
趣味	3
寿命	3
授与	3
就い	3
就職	3
襲われ	3
週間	3
集会	3
集積	3
集団	3
住まい	3
十月	3
十倍	3
重ねて	3
出せ	3
出そ	3
出会	3
出世	3
出来そ	3
出来事	3
術	3
春	3
春蝉	3
瞬間	3
書か	3
書け	3
書架	3
書房	3
書肆	3
諸君	3
女学生	3
除き	3
除去	3
勝つ	3
唱え	3
少から	3
少ない	3
焼い	3
称し	3
証人	3
上る	3
上海	3
上林	3
乗	3
情	3
情熱	3
植	3
職業	3
職人	3
色合い	3
伸び	3
信念	3
信濃追分	3
寝	3
審査	3
心から	3
心持ち	3
心理	3
振る	3
深遠	3
申し出	3
真似	3
真中	3
真面目	3
真理	3
神	3
震災	3
人格	3
人語	3
人種	3
人並み	3
人民	3
図録	3
酔う	3
数学	3
杉浦	3
頗る	3
世紀	3
成	3
成績	3
成分	3
正しい	3
正直	3
生ぜ	3
盛	3
盛ら	3
盛名	3
精一杯	3
精進	3
製	3
製品	3
西谷	3
誠実	3
静岡	3
惜	3
赤ら顔	3
切に	3
切実	3
拙宅	3
接し	3
接近	3
摂政	3
設置	3
設立	3
説	3
絶えず	3
先ほど	3
先駆	3
鮮	3
前後	3
前足	3
前途	3
前方	3
全国	3
素	3
素性	3
訴追	3
叢	3
惣之助	3
捜索	3
早い	3
相互	3
騒音	3
増大	3
造	3
束縛	3
属する	3
続い	3
他国	3
堕落	3
打出の小槌	3
対する	3
対審	3
対立	3
耐え	3
代価	3
大人	3
大切	3
大戦	3
大方	3
題	3
達する	3
達成	3
担当	3
淡々と	3
短歌	3
端	3
弾か	3
弾劾	3
値	3
置か	3
致し	3
着い	3
着か	3
中途半端	3
忠言	3
注釈	3
注文	3
朝帰り	3
調	3
調べ	3
沈め	3
追	3
追分	3
通っ	3
通用	3
坪	3
低能	3
呈	3
定め	3
定期	3
弟	3
提供	3
締結	3
諦め	3
徹底	3
徹夜	3
天	3
天気	3
展	3
殿堂	3
電車	3
電話	3
登場	3
登攀	3
途	3
努め	3
到底	3
騰貴	3
動い	3
同じく	3
同一	3
瞳	3
道中	3
道雄	3
特権	3
独り	3
独占	3
独得	3
独立	3
読める	3
届き	3
鈍	3
内部	3
難い	3
日々	3
入れる	3
任意	3
認識	3
認証	3
年頃	3
念	3
農村	3
覗い	3
派	3
梅	3
博士	3
泊	3
泊め	3
白	3
迫っ	3
漠然と	3
八月	3
八万	3
発揮	3
発生	3
発明	3
伴う	3
判断	3
半ば	3
半数	3
反する	3
繁	3
範囲	3
飯	3
番頭	3
飛躍	3
尾	3
美味	3
匹	3
百三	3
漂	3
表わし	3
表彰	3
表面	3
病気	3
貧困	3
敏感	3
不自然	3
不自由	3
夫人	3
富農	3
普及	3
腐敗	3
附	3
附け	3
撫で	3
部門	3
服装	3
複	3
払	3
沸	3
物象	3
物理	3
分裂	3
聞かせ	3
聞こえる	3
併	3
柄	3
米国	3
変え	3
変っ	3
変り	3
変る	3
片	3
便利	3
弁護	3
保持	3
歩み	3
墓	3
抱	3
捧げ	3
法規	3
訪問	3
豊富	3
妨げ	3
暴騰	3
望ましい	3
望み	3
某	3
棒	3
北	3
堀	3
本多	3
本当は	3
磨き	3
毎	3
末	3
万一	3
満たさ	3
民衆	3
眠れ	3
夢見	3
夢中	3
無為	3
無限	3
無政府	3
名誉	3
命ずる	3
明る	3
迷惑	3
面白	3
面白く	3
模倣	3
模様	3
黙っ	3
目立っ	3
目録	3
尤も	3
問わ	3
野性	3
野中	3
役に立つ	3
役者	3
予期	3
余地	3
余分	3
洋書	3
洋服	3
用いる	3
踊り	3
抑留	3
欲する	3
羅	3
来ら	3
来れ	3
頼り	3
落し	3
利潤	3
理窟	3
陸軍	3
立て	3
立てる	3
流さ	3
旅館	3
料	3
猟師	3
良く	3
臨ん	3
隣り	3
令状	3
例へば	3
冷たい	3
霊魂	3
烈しい	3
廉価	3
狼狽	3
老爺	3
傳	3
價	3
處	3
恍惚	3
惡	3
變	3
曖昧	3
氣	3
蠅	3
譯	3
賣	3
賣ら	3
贅沢	3
躊躇	3
軈て	3
隨	3
關	3
あ	2
あゝ	2
あえて	2
あく	2
あたかも	2
あたし	2
あちら	2
アド	2
アナ	2
あながち	2
あふれ	2
あまりの	2
あらた	2
あらわ	2
ありえる	2
ありがた味	2
アレクサンダー	2
アレクサンドリア	2
あん	2
あんな	2
いい気	2
いく	2
イクラ	2
いざ	2
いぜん	2
いたこ	2
いたし	2
いたっ	2
いたら	2
イタリア	2
いっさい	2
いったい	2
いってい	2
いづれ	2
いも	2
いやそ	2
いろ	2
いろんな	2
いわ	2
いわれ	2
インテリ	2
ヴァイ	2
うかがう	2
うけ	2
ウジ	2
うす	2
うまく	2
うれしい	2
ええ	2
エッ	2
えど	2
エミー	2
おかし	2
おさえ	2
おさえる	2
おじいさん	2
おたがいに	2
おび	2
オブ	2
オメガ	2
おわり	2
お客様	2
お茶	2
お年	2
お父さん	2
お話	2
ガ	2
かかっ	2
かぎり	2
かくして	2
がけ	2
カチン	2
がっ	2
かつい	2
かねて	2
かねる	2
がまん	2
かよう	2
からし	2
ガリ版	2
がる	2
かれ	2
かわか	2
カンテ	2
きこ	2
きこえ	2
きつ	2
きぬ	2
きま	2
キャスト	2
ぎりぎり	2
くし	2
クス	2
くっつけ	2
クラフト	2
グリーン	2
くり返し	2
くれ	2
くわ	2
ケン	2
こうした	2
こうして	2
こえ	2
ゴー	2
コース	2
コーヒー	2
こころ	2
こたえ	2
こつこつ	2
ことごとく	2
このごろ	2
このように	2
こぼれる	2
こま	2
こもっ	2
ころん	2
こん	2
コンツェルト	2
コントラ	2
サイエンス	2
さか	2
さき	2
さげ	2
さし	2
さして	2
さだ	2
さっと	2
さては	2
さほど	2
さまし	2
さめ	2
さも	2
シイ	2
シカゴ	2
しこ	2
しごく	2
じっと	2
しまえ	2
しまへ	2
しみ	2
じみ	2
ション	2
しり	2
じりじり	2
ズ	2
ズイ	2
スイス	2
スギ	2
スグ	2
ずく	2
すぐれ	2
すこし	2
スコットランド	2
すみません	2
ずら	2
すん	2
せしめん	2
せつか	2
せよ	2
せり	2
ぜんぜん	2
そっくり	2
その道	2
そら	2
それどころか	2
それとも	2
そろ	2
ぞんざい	2
タイ	2
だい	2
たいして	2
たお	2
たかっ	2
たがる	2
たくさん	2
タクシー	2
だこ	2
たずねる	2
たそ	2
たちのけん	2
たった	2
タッチ	2
たて	2
たばかり	2
たまに	2
たより	2
たらし	2
たらしかっ	2
たらしく	2
だり	2
だれ	2
たん	2
ダンサー	2
ちがう	2
ちの	2
ちやう	2
ちよこ	2
ちょっとした	2
ちろ	2
ついては	2
つかめ	2
つかん	2
つき	2
つぎ	2
つくし	2
つくれ	2
つこ	2
っしょ	2
つたわ	2
つつか	2
つつも	2
つとめ	2
つながり	2
つまら	2
つらい	2
テイ	2
ティー	2
ていう	2
できあがっ	2
できよ	2
できれ	2
でく	2
でたらめ	2
でよ	2
というのも	2
どうし	2
ときおり	2
とけ	2
どけ	2
とのこ	2
とめ	2
ともい	2
ともなっ	2
とりあげる	2
とれる	2
どん底	2
なう	2
なかには	2
なさい	2
なさっ	2
なされ	2
なのに	2
なろ	2
なんとか	2
なんにも	2
なんの	2
にあたって	2
にあたる	2
にかけて	2
にく	2
にせよ	2
ニタリ	2
につく	2
につれて	2
にらま	2
にわか	2
にわかに	2
に関し	2
ヌ	2
ぬい	2
ぬお	2
ぬか	2
ぬき	2
ぬぐい去っ	2
ねえ	2
ネオン	2
ノー	2
ノート	2
のけ	2
のけん	2
のころ	2
のめ	2
ノン	2
ハ	2
ハー	2
ばいいん	2
ハイボール	2
はおら	2
はかな	2
はく	2
バク	2
はげしい	2
はじめる	2
はせ	2
はたい	2
はて	2
はばたき	2
はまこ	2
はまっ	2
ばり	2
ビ	2
ピ	2
ヒサ	2
ひそか	2
ひどい	2
ひびい	2
ひま	2
ひも	2
ひよ	2
ひるがえって	2
ビン	2
ぶ	2
ブ	2
ファン	2
ふう	2
フェ	2
ふくれ	2
ふたたび	2
フッ	2
ふみ	2
フライ	2
フラン	2
ふり	2
ブリキ	2
ふる	2
ぶる	2
プログラム	2
ペ	2
ページ	2
べから	2
ヘッド	2
ベッド	2
ぽ	2
ボーイ	2
ボケ	2
ポケット	2
ボツ	2
ほとり	2
ポリ	2
ぼる	2
ほんと	2
マーシャル	2
まさか	2
ますよ	2
またさ	2
まっ	2
まつ	2
マツ	2
まっすぐ	2
まも	2
まわっ	2
まわり	2
みえ	2
みじめ	2
みせ	2
みやこ	2
みよ	2
むろん	2
めい	2
めぐり	2
モ	2
もうけ	2
もう少し	2
もぐりこむ	2
もしか	2
もとづい	2
もとより	2
もみ	2
もり	2
やく	2
やみ	2
ヤリ	2
やれ	2
ゆえん	2
ゆるい	2
よけい	2
よさ	2
よび	2
よむ	2
よる	2
よろしい	2
ライト	2
られよ	2
らん	2
ランプ	2
リキ	2
りつ	2
リュウ	2
リリシズム	2
れこ	2
レフ	2
レン	2
ロシア	2
ロス	2
わき起こり	2
わけて	2
わざと	2
わせ	2
わりに	2
ゑ	2
ヲ	2
をめぐる	2
を通して	2
愛さ	2
愛で	2
愛想	2
愛嬌	2
悪戯	2
扱い	2
安住	2
安全	2
暗に	2
暗黒	2
暗示	2
案内	2
杏仁	2
依	2
偉大	2
委託	2
意匠	2
意図	2
椅子	2
畏怖	2
異性	2
異様	2
移動	2
衣	2
遺憾	2
遺産	2
遺書	2
遺漏	2
医	2
郁子	2
一々	2
一円	2
一家	2
一概に	2
一軒	2
一言	2
一刻	2
一室	2
一生	2
一千	2
一日中	2
一年中	2
一倍	2
一晩	2
一変	2
一歩	2
一方	2
一面	2
一夜	2
一流	2
印し	2
飲む	2
院	2
陰	2
隠し	2
羽	2
羽根	2
迂遠	2
雨夜	2
噂	2
運転	2
営む	2
影法師	2
栄誉	2
栄養	2
泳ぐ	2
英	2
英気	2
英語	2
衛生	2
液	2
益々	2
越えよ	2
援軍	2
演じ	2
演出	2
縁	2
艶	2
遠慮なく	2
鉛筆	2
汚い	2
汚れ	2
奥	2
往々	2
応	2
応接	2
押	2
押さ	2
横尾	2
欧文	2
殴ら	2
黄色	2
黄色い	2
岡	2
屋台	2
乙	2
乙女	2
恩	2
音楽家	2
下っ	2
下り	2
下宿	2
下旬	2
下駄	2
下町	2
化せ	2
何だ	2
何とも	2
何れ	2
何故	2
何故か	2
何等	2
何分	2
可愛い	2
科せ	2
暇	2
果	2
歌集	2
歌謡曲	2
河	2
荷物	2
華やか	2
菓子	2
課し	2
過言	2
過程	2
霞亭	2
我	2
我々	2
画	2
画像	2
介在	2
会い	2
会計検査院	2
会所	2
会話	2
回国	2
壊滅	2
廻り	2
快	2
快く	2
怪しく	2
懐しい	2
改めて	2
改良	2
海外	2
海光	2
海面	2
灰色	2
絵の具	2
開か	2
開き	2
開け	2
外廓	2
外人	2
外側	2
外套	2
外面	2
概して	2
各人	2
各部	2
格	2
格子	2
獲る	2
確	2
角	2
閣	2
学ぶ	2
楽界	2
割れ目	2
活	2
活発	2
活躍	2
株	2
株式会社	2
寒かっ	2
刊行	2
巻	2
巻か	2
官能	2
官僚	2
感激	2
感受性	2
感銘	2
甘味	2
管理	2
簡	2
肝	2
観照	2
貫	2
関心	2
丸	2
含まれ	2
含む	2
岸田	2
眼光	2
岩魚	2
岩場	2
企画	2
危く	2
危険	2
喜	2
喜劇	2
器物	2
器用	2
基準	2
奇妙	2
寄贈	2
旗本	2
機	2
機嫌	2
機能	2
帰っ	2
帰省	2
気の毒	2
気息	2
規律	2
記し	2
記載	2
貴様	2
起伏	2
軌跡	2
輝い	2
鬼気	2
偽物	2
儀式	2
戯れ	2
戯言	2
技	2
技巧	2
疑念	2
義	2
義理	2
議案	2
議席	2
議長	2
客	2
休む	2
休憩	2
休戦	2
及ぼさ	2
吸	2
急い	2
救済	2
救世観音	2
泣き	2
窮屈	2
旧家	2
牛肉	2
去	2
去年	2
居室	2
挙げる	2
虚勢	2
虚無	2
距離	2
魚	2
享楽	2
供	2
供し	2
共に	2
共通	2
協力	2
境遇	2
境地	2
強いて	2
強く	2
強要	2
強力	2
怯え	2
恐い	2
恐る恐る	2
恐ろしい	2
恐ろしく	2
恐縮	2
教える	2
教科書	2
教授	2
狭い	2
胸中	2
興味津々	2
仰ぐ	2
業	2
業績	2
極め	2
極端	2
玉の	2
僅か	2
勤め	2
筋肉	2
緊密	2
近づく	2
近世	2
金田	2
金銅	2
金木犀	2
九九	2
九月	2
句集	2
苦しまぎれ	2
苦痛	2
苦悶	2
苦労	2
駒	2
愚か	2
愚作	2
喰い	2
空い	2
空想	2
空模様	2
偶像	2
掘	2
沓掛	2
繰り返す	2
薫陶	2
訓練	2
軍事	2
軍需	2
軍人	2
刑	2
形勢	2
携	2
携わる	2
景色	2
経て	2
計	2
軽い	2
軽井沢	2
迎え	2
劇	2
隙間	2
欠陥	2
欠点	2
決し	2
決め	2
結びつい	2
結晶	2
結成	2
結論	2
健常	2
兼	2
兼常	2
兼備	2
喧しく	2
喧嘩	2
憲	2
捲き	2
検討	2
権能	2
研鑽	2
見せる	2
見つけ	2
見つけだし	2
見よう	2
見出す	2
見当ら	2
見分け	2
見本	2
賢明	2
原	2
原子力	2
原則	2
幻想	2
減額	2
減刑	2
源	2
源泉	2
源蔵	2
玄関	2
現行	2
現今	2
現象	2
現状	2
言わせ	2
言論	2
限る	2
個々	2
古書	2
古代	2
古谷	2
古墳	2
孤独	2
孤立	2
狐	2
胡桃	2
誇る	2
五つ	2
五色	2
五日	2
五分	2
娯	2
後ろ足	2
後日	2
碁	2
乞食	2
交感	2
光り	2
光明	2
公使	2
公表	2
厚生	2
口調	2
向か	2
向ける	2
向こう	2
向上	2
好	2
好い	2
好もしい	2
好奇	2
巧拙	2
幸い	2
拘束	2
校正	2
江	2
考え方	2
考へる	2
考古学	2
考査	2
考慮	2
肯定	2
航空機	2
荒め	2
荒ん	2
荒野	2
行わ	2
行商	2
講和	2
郊外	2
降っ	2
降り	2
高まり	2
高め	2
高安	2
合わせ	2
拷問	2
克服	2
刻	2
国権	2
国語	2
国籍	2
黒い	2
黒く	2
此の世	2
今に	2
今一	2
婚姻	2
根拠	2
根性	2
混	2
混む	2
混沌	2
痕	2
佐世男	2
佐渡	2
左右	2
差す	2
坐っ	2
坐る	2
再開	2
再生	2
最短	2
犀星	2
細	2
細かい	2
細君	2
細部	2
在来	2
財閥	2
作れ	2
昨今	2
昨日	2
昨夜	2
朔太郎	2
策	2
察し	2
察する	2
撮ら	2
雑然と	2
捌く	2
三月	2
三好	2
三彩	2
三十日	2
三千年	2
三男	2
山の手	2
山間	2
山国	2
山村	2
讃	2
賛成	2
残り	2
残る	2
残酷	2
残念	2
使命	2
刺戟	2
司法官	2
四畳半	2
四分	2
始	2
始末	2
師匠	2
志	2
思い出	2
思い出さ	2
思へ	2
指し	2
指摘	2
支える	2
支持	2
支部	2
支払	2
斯く	2
私生児	2
視覚	2
試練	2
資	2
資金	2
賜	2
歯車	2
事後	2
事物	2
児	2
児童	2
持てる	2
時として	2
時時	2
時分	2
次官	2
次男	2
自国	2
自治	2
自体	2
自動的	2
辞	2
辞職	2
七日	2
叱ら	2
執念深い	2
失敗	2
室生	2
質	2
質物	2
実子	2
柴	2
柴犬	2
屡々	2
写実	2
捨	2
煮	2
借り	2
借家	2
若	2
若しも	2
寂しい	2
弱	2
弱点	2
惹き	2
主任	2
主流	2
取ら	2
取り	2
守り	2
手もと	2
手術	2
手足	2
手本	2
手腕	2
種種	2
受け取	2
授け	2
授業	2
樹	2
就	2
就き	2
修め	2
修行	2
拾っ	2
終っ	2
終審	2
終日	2
習い	2
習っ	2
習慣	2
習練	2
集っ	2
集めよ	2
集中	2
醜い	2
住民	2
充ち	2
十九	2
柔	2
柔か	2
重ねれ	2
叔父さん	2
宿	2
縮小	2
出せる	2
出演	2
出発	2
出来れ	2
準用	2
純	2
処分	2
初版	2
所詮	2
暑く	2
書庫	2
書籍	2
書類	2
諸	2
諸種	2
助	2
助け	2
助言	2
助成	2
女の子	2
序で	2
勝手	2
勝利	2
小金	2
小事	2
小鳥	2
小田	2
少々	2
少女	2
松竹	2
沼津	2
消し	2
消化	2
消息	2
消滅	2
省	2
省み	2
称せ	2
詔勅	2
詳しく	2
象徴	2
賞金	2
賞賛	2
賞品	2
上手	2
上野	2
上様	2
上陸	2
乗せ	2
乗合	2
常	2
常識	2
植物	2
職務	2
色狂	2
触れる	2
食え	2
食べる	2
食事	2
信ずる	2
信条	2
信託	2
信任	2
信夫	2
信頼	2
侵さ	2
侵す	2
侵蝕	2
唇	2
寝る	2
寝台	2
審議	2
心細い	2
心身	2
心配	2
慎重	2
振	2
振っ	2
振る舞い	2
振興	2
新刊	2
新進	2
新生	2
浸透	2
深み	2
深刻	2
深入り	2
申	2
申訳	2
真先	2
真相	2
神秘	2
紳士録	2
親愛	2
親切	2
身ごもっ	2
辛	2
辛い	2
進み	2
震わせ	2
人口	2
人前	2
人物	2
人名	2
尋常	2
甚だ	2
尽き	2
尽くし	2
訊か	2
推測	2
遂に	2
酔っ	2
酔払っ	2
随	2
崇拝	2
数え	2
数カ月	2
数字	2
数多く	2
据え	2
寸	2
世にも	2
世界中	2
是	2
是非	2
勢力	2
性別	2
成る	2
成功	2
整える	2
整然と	2
星座	2
晴	2
晴れ	2
正義	2
清佐	2
清水	2
生かし	2
生ずる	2
生存	2
製し	2
請願	2
逝く	2
青空	2
静	2
責務	2
赤坂	2
赤色	2
跡	2
切り	2
切る	2
切れ	2
拙い	2
拙速	2
折	2
設ける	2
説い	2
絶対に	2
絶大	2
絶頂	2
先輩	2
千円	2
千倉	2
占領	2
宣伝	2
川	2
川崎	2
戦時	2
戦法	2
扇	2
撰	2
泉	2
浅見	2
洗練	2
線条	2
羨望	2
選定	2
前条	2
善良	2
漸次	2
全力	2
租税	2
粗暴	2
訴え	2
創刊	2
創作	2
双方	2
爽やか	2
層	2
想	2
想い	2
想う	2
早	2
早くから	2
巣	2
争	2
争う	2
相応	2
相貌	2
総意	2
葬っ	2
装飾	2
送	2
送ら	2
送り	2
増し	2
蔵	2
造ら	2
束	2
足り	2
速度	2
俗	2
続々	2
尊敬	2
損ずる	2
損害	2
多か	2
多年	2
太	2
太い	2
太陽系	2
太郎	2
唾	2
打た	2
打撃	2
体験	2
体力	2
対決	2
対等	2
耐	2
帯す	2
待つ	2
戴い	2
戴か	2
退官	2
代	2
代目	2
代用	2
台座	2
台風	2
大げさ	2
大した	2
大好き	2
大使	2
大赦	2
大勢	2
大地	2
大統領	2
大半	2
大部	2
大本	2
宅	2
叩か	2
達せ	2
辰雄	2
奪	2
脱却	2
辿っ	2
辿り	2
棚	2
誰か	2
単一	2
探求	2
探究	2
短篇	2
耽っ	2
弾く	2
暖か	2
暖かい	2
暖かく	2
暖地	2
段階	2
知	2
知恵	2
地平	2
置く	2
茶	2
中でも	2
中央	2
中学生	2
中国	2
中止	2
中村	2
仲よし	2
仲見世	2
忠告	2
昼	2
注目	2
註文	2
著名	2
張	2
彫り	2
徴兵	2
聴い	2
聴く	2
蝶々	2
調査局	2
長屋	2
長十郎	2
長身	2
頂戴	2
直属	2
沈黙	2
痛切	2
通過	2
通信	2
爪	2
低下	2
貞雄	2
庭先	2
提げ	2
提議	2
敵	2
適合	2
適当	2
鉄	2
鉄砲	2
典範	2
天蓋	2
天国	2
天上	2
天文	2
天平	2
展覧	2
店頭	2
添	2
転	2
転々	2
転換	2
転向	2
転身	2
伝	2
伝へ	2
田	2
兎	2
塗り	2
徒	2
登	2
都会	2
都度	2
土	2
土産	2
怒	2
怒る	2
凍っ	2
島	2
投げ	2
投ぜ	2
投機	2
投稿	2
東亜	2
東西	2
桃色	2
燈	2
当っ	2
当の	2
当り	2
当り前	2
当初	2
当人	2
等々	2
答え	2
答える	2
統	2
統轄	2
到達	2
藤	2
討論	2
逃げる	2
頭髪	2
闘っ	2
働	2
働き	2
動か	2
動揺	2
同	2
同化	2
同情	2
同人	2
胴	2
道理	2
銅	2
特異	2
特赦	2
特殊	2
毒	2
独りごち	2
内外	2
馴れ	2
馴染ん	2
二一	2
二月	2
二六	2
肉感的	2
日本海	2
日本語	2
日曜	2
日曜日	2
入ら	2
入り込ん	2
入口	2
任務	2
忍び込ん	2
濡れ	2
年期	2
年春	2
年代	2
年度	2
念入り	2
悩まさ	2
納得	2
農業	2
農地	2
破り	2
芭蕉	2
馬車	2
俳人	2
排し	2
杯	2
背	2
背く	2
背景	2
買え	2
売っ	2
売ら	2
売る	2
売れる	2
売却	2
萩	2
萩原	2
博物館	2
白く	2
白樺	2
白眼	2
白波	2
曝さ	2
莫大	2
箸	2
肌寒い	2
畑	2
畠	2
八一	2
八十	2
発する	2
発刊	2
発掘	2
発行	2
発露	2
抜け	2
伴っ	2
判	2
半田	2
半年	2
反映	2
反応	2
叛逆	2
汎	2
販	2
煩悶	2
番	2
否決	2
悲しみ	2
比し	2
比べる	2
比重	2
比呂志	2
泌	2
疲れ	2
被害	2
誹謗	2
費し	2
費用	2
非難	2
非凡	2
飛び	2
飛び出し	2
飛込ん	2
微妙	2
微力	2
眉	2
眉間	2
美術家	2
必然	2
百人	2
標題	2
標本	2
漂い	2
表決	2
表彰状	2
評論	2
描写	2
病	2
貧弱	2
不意	2
不可思議	2
不完全	2
不器用	2
不機嫌	2
不気味	2
不景気	2
不健康	2
不相応	2
不足	2
不断	2
不知	2
不徳	2
不満足	2
不利益	2
付け	2
付し	2
夫婦	2
普段	2
普遍	2
浮かび	2
浮かび上がっ	2
浮び上っ	2
父君	2
符丁	2
負け	2
附く	2
附近	2
武力	2
武郎	2
風狂	2
風俗	2
復権	2
服部	2
複式	2
覆わ	2
物語	2
物質	2
物凄い	2
分け	2
分ら	2
分り	2
分れ	2
焚書	2
粉	2
聞え	2
聞える	2
聞かさ	2
聞かし	2
聞き覚え	2
聞こえ	2
兵	2
平	2
平が	2
平穏	2
平等	2
閉じ	2
米久	2
頁	2
別々	2
別れ	2
別項	2
別段	2
変わり	2
変わる	2
変更	2
編者	2
編輯	2
編集	2
返し	2
弁解	2
保護	2
捕まえ	2
補助	2
補償	2
暮れ	2
包み	2
呆れ	2
報	2
奉公	2
崩れ	2
抱い	2
抱き	2
放っ	2
放棄	2
放題	2
放任	2
方々	2
方式	2
法廷	2
褒める	2
邦文	2
飽き	2
乏しく	2
傍	2
傍系	2
帽子	2
忘れる	2
膨れ	2
膨張	2
北欧	2
北海道	2
北京	2
僕達	2
本に	2
本家	2
本国	2
本書	2
本名	2
翻訳	2
凡そ	2
妹	2
毎月	2
毎週	2
幕	2
鱒二	2
末期	2
満ち	2
漫語	2
味の素	2
味覚	2
未だに	2
未完成	2
未知	2
魅力	2
密接	2
密猟	2
妙に	2
民謡	2
眠っ	2
夢み	2
無愛想	2
無言	2
無口	2
無罪	2
無惨	2
無事	2
無償	2
無人島	2
無数	2
無知	2
無能	2
無謀	2
命名	2
明き	2
明け	2
明ける	2
明らか	2
明るく	2
明示	2
明日	2
明年	2
鳴き声	2
鳴く	2
鳴る	2
牝	2
免除	2
面影	2
面倒	2
摸倣	2
毛	2
盲	2
目立た	2
貰う	2
問い	2
門地	2
爺さん	2
弥勒	2
役	2
役割	2
役立つ	2
約束	2
薬	2
愉快	2
油屋	2
優れ	2
優勝	2
憂慮	2
有島	2
由来	2
夕ぐれ	2
夕立	2
予め	2
予想	2
予定	2
予約	2
余儀なく	2
余計	2
幼稚	2
擁し	2
用事	2
葉	2
葉書	2
要し	2
要請	2
要素	2
抑え	2
欲し	2
欲望	2
浴衣	2
翌年	2
裸	2
頼む	2
頼る	2
落ち	2
落ちつき	2
落とし	2
落着	2
乱調	2
利い	2
裏通り	2
裏腹	2
離れ	2
離宮	2
離脱	2
率	2
率直	2
立た	2
立ちあがっ	2
立ち上がっ	2
立至っ	2
立上り	2
流し	2
流れる	2
流石	2
流浪	2
留守	2
硫酸	2
了解	2
両極	2
両性	2
両足	2
料理	2
良	2
良さ	2
良書	2
淋しい	2
臨時	2
輪	2
輪廓	2
輪郭	2
類する	2
冷え	2
暦	2
列	2
列車	2
恋人	2
炉	2
廊下	2
楼	2
漏らし	2
六朝	2
録音	2
論じ	2
和し	2
和声	2
和服	2
話し合っ	2
脇	2
腕	2
丼	2
豫	2
俯	2
傲慢	2
刹那	2
參	2
嗤	2
國學院大學	2
圖	2
夥しい	2
悧	2
愕	2
愼	2
斷	2
暈	2
滿	2
獨	2
瑩	2
疵	2
痒い	2
發	2
眞	2
秣	2
稍	2
箋	2
續	2
翳り	2
飜	2
聊か	2
聲	2
舳先	2
蜃気楼	2
躬治	2
迢空	2
釉	2
顏	2
饒舌	2
魏	2
